tx_classe_equipamento;nm_equipamento;"cd_cep_equipamento	";tx_endereco_equipamento;;;;nm_bairro_equipamento;;;;
;Nome da Localidade;CEP;Latitude ;Longitude;Logradouro;Tipo de Localidade;Bairro;Subprefeitura;Região;Pontos de Acesso ;
Praças de Wi-Fi Livre;Abrigo de Ônibus 01;01321-010;-23,56584935;-46,64519417;Avenida Treze de Maio, 1434;Abrigo de Ônibus;Bela Vista;Sé;Centro;1;
Praças de Wi-Fi Livre;Abrigo de Ônibus 02;01536-000;-23,52089077;-46,6510977;Avenida Rudge, 810;Abrigo de Ônibus;Bom Retiro;Sé;Centro;1;
Praças de Wi-Fi Livre;Abrigo de Ônibus 03;01007-040;-23,56388245;-46,63266724;Rua Conselheiro Furtado, 1246;Abrigo de Ônibus;Liberdade           ;Sé;Centro;1;
Praças de Wi-Fi Livre;Abrigo de Ônibus 04;01153-000;-23,53079419;-46,6589114;Avenida Mario de Andrade, 48;Abrigo de Ônibus;Santa Cecília         ;Sé;Centro;1;
Praças de Wi-Fi Livre;Abrigo de Ônibus 05;01020-030;-23,54542077;-46,54448673;Avenida Conselheiro Carrão, 1706;Abrigo de Ônibus;Carrão;Aricanduva/Vila Formosa;Leste;1;
Praças de Wi-Fi Livre;Abrigo de Ônibus 06;03474-020;-23,54707739;-46,5406057;Avenida Conselheiro Carrão, 2158;Abrigo de Ônibus;Carrão;Aricanduva/Vila Formosa;Leste;1;
Praças de Wi-Fi Livre;Abrigo de Ônibus 07;03480-000;-23,54437423;-46,5912479;Avenida Alcântara Machado, 3598;Abrigo de Ônibus;Belém;Mooca;Leste;1;
Praças de Wi-Fi Livre;Abrigo de Ônibus 08;03444-090;-23,54354428;-46,58905742;Avenida Alcântara Machado, 3832;Abrigo de Ônibus;Belém;Mooca;Leste;1;
Praças de Wi-Fi Livre;Abrigo de Ônibus 10;03367-040;-23,54484668;-46,58864013;Rua Padre Adelino, 565;Abrigo de Ônibus;Belém;Mooca;Leste;1;
Praças de Wi-Fi Livre;Abrigo de Ônibus 100;03928-240;-23,64312659;-46,71628165;Rua Laguna, 1020;Abrigo de Ônibus;Santo Amaro;Santo Amaro;Sul;1;
Praças de Wi-Fi Livre;Abrigo de Ônibus 101;03924-240;-23,65024285;-46,70275199;Rua São Benedito, 259;Abrigo de Ônibus;Santo Amaro;Santo Amaro;Sul;1;
Praças de Wi-Fi Livre;Abrigo de Ônibus 102;03923-165;-23,63325825;-46,68983511;Rua Vereador José Diniz, 1230;Abrigo de Ônibus;Santo Amaro;Santo Amaro;Sul;1;
Praças de Wi-Fi Livre;Abrigo de Ônibus 103;03983-090;-23,65898967;-46,70674293;Rua Benedito Fernandes, 88;Abrigo de Ônibus;Santo Amaro           ;Santo Amaro;Sul;1;
Praças de Wi-Fi Livre;Abrigo de Ônibus 104;03260-000;-23,5796397;-46,66194961;Avenida Brigadeiro Luís Antônio, 4149;Abrigo de Ônibus;Jardim Paulista     ;Vila Mariana;Sul;1;
Praças de Wi-Fi Livre;Abrigo de Ônibus 105;03921-000;-23,60742516;-46,67034073;Avenida Cotovia, 605;Abrigo de Ônibus;Moema;Vila Mariana;Sul;1;
Praças de Wi-Fi Livre;Abrigo de Ônibus 106;03978-180;-23,58202048;-46,6632282;Avenida República do Libano, 171;Abrigo de Ônibus;Moema;Vila Mariana;Sul;1;
Praças de Wi-Fi Livre;Abrigo de Ônibus 107;03223-170;-23,59350468;-46,64041844;Rua Sena Madureira, 442;Abrigo de Ônibus;Vila Mariana;Vila Mariana;Sul;1;
Praças de Wi-Fi Livre;Abrigo de Ônibus 108;03244-030;-23,62706707;-46,63509742;Avenida Fagundes Filho, 620;Abrigo de Ônibus;Saúde;Vila Mariana;Sul;1;
Praças de Wi-Fi Livre;Abrigo de Ônibus 109;03239-080;-23,6258273;-46,64063289;Avenida Jabaquara, 2443;Abrigo de Ônibus;Saúde;Vila Mariana;Sul;1;
Praças de Wi-Fi Livre;Abrigo de Ônibus 11;03382-180;-23,54455769;-46,58690034;Rua Padre Adelino, 735;Abrigo de Ônibus;Belém;Mooca;Leste;1;
Praças de Wi-Fi Livre;Abrigo de Ônibus 110;03286-095;-23,62211224;-46,6291211;Rua Jacopo Bellini, 168;Abrigo de Ônibus;Saúde;Vila Mariana;Sul;1;
Praças de Wi-Fi Livre;Abrigo de Ônibus 112;03215-080;-23,57224729;-46,64568629;Rua Doutor Rafael de Barros, 132;Abrigo de Ônibus;Paraíso;Vila Mariana;Sul;1;
Praças de Wi-Fi Livre;Abrigo de Ônibus 113;03132-050;-23,59798751;-46,64496783;Rua Pedro de Toledo, 844;Abrigo de Ônibus;Vila Mariana;Vila Mariana;Sul;1;
Praças de Wi-Fi Livre;Abrigo de Ônibus 114;02633-000;-23,59704319;-46,63560105;Rua Santa Cruz, 96;Abrigo de Ônibus;Vila Mariana;Vila Mariana;Sul;1;
Praças de Wi-Fi Livre;Abrigo de Ônibus 116;02872-000;-23,58144987;-46,6381973;Rua Vergueiro, 2229;Abrigo de Ônibus;Vila Mariana;Vila Mariana;Sul;1;
Praças de Wi-Fi Livre;Abrigo de Ônibus 117;02842-260;-23,59724069;-46,64196273;Rua Borges Lagoa, 517;Abrigo de Ônibus;Vila Mariana          ;Vila Mariana;Sul;1;
Praças de Wi-Fi Livre;Abrigo de Ônibus 118;02855-030;-23,5969458;-46,64552501;Rua Borges Lagoa, 897;Abrigo de Ônibus;Vila Mariana          ;Vila Mariana;Sul;1;
Praças de Wi-Fi Livre;Abrigo de Ônibus 12;08474-170;-23,53792313;-46,60872548;Rua Bresser, 882;Abrigo de Ônibus;Brás;Mooca;Leste;1;
Praças de Wi-Fi Livre;Abrigo de Ônibus 120;02816-010;-23,5813329;-46,61508667;Rua Coronel Diogo, 1430;Abrigo de Ônibus;Vila Mariana          ;Vila Mariana;Sul;1;
Praças de Wi-Fi Livre;Abrigo de Ônibus 121;04734-002;-23,64449331;-46,70039672;Avenida Adolfo Pinheiro, 1000;Abrigo de Ônibus;Santo Amaro           ;Freguesia do Ó/Brasilândia;Norte;1;
Praças de Wi-Fi Livre;Abrigo de Ônibus 122;04571-010;-23,60601573;-46,69291106;Avenida Berrini, 1069;Abrigo de Ônibus;Itaim Bibi          ;Santo Amaro;Sul;1;
Praças de Wi-Fi Livre;Abrigo de Ônibus 123;01430-000;-23,57699501;-46,66341279;Avenida Brasil, 264;Abrigo de Ônibus;Jardim Paulista     ;Pinheiros;Oeste;1;
Praças de Wi-Fi Livre;Abrigo de Ônibus 124;02533-020;-23,50064539;-46,65040157;Avenida Casa Verde, 800;Abrigo de Ônibus;Casa Verde;Casa Verde/Cachoeirinha;Norte;1;
Praças de Wi-Fi Livre;Abrigo de Ônibus 125;02519-200;-23,50256895;-46,6594977;Avenida Casa Verde, 1931;Abrigo de Ônibus;Casa Verde;Casa Verde/Cachoeirinha;Norte;1;
Praças de Wi-Fi Livre;Abrigo de Ônibus 126;05657-140;-23,61954361;-46,71275297;Rua Colégio PIO XII, 233;Abrigo de Ônibus;Vila Andrade;Butantã;Oeste;1;
Praças de Wi-Fi Livre;Abrigo de Ônibus 127;05581-000;-23,56955784;-46,71593125;Avenida Corifeu de Azevedo Marques, 137;Abrigo de Ônibus;Butantã;Santana/Tucuruvi;Norte;1;
Praças de Wi-Fi Livre;Abrigo de Ônibus 128;02030-100;-23,50422702;-46,6243416;Avenida Cruzeiro do Sul, 3000;Abrigo de Ônibus;Santana;Casa Verde/Cachoeirinha;Norte;1;
Praças de Wi-Fi Livre;Abrigo de Ônibus 129;02721-100;-23,49161512;-46,67705919;Avenida Deputado Emílio Carlos, 1719;Abrigo de Ônibus;Limão;Jabaquara;Sul;1;
Praças de Wi-Fi Livre;Abrigo de Ônibus 13;08490-582;-23,54309645;-46,61584827;Avenida Rangel Pestana, 1988;Abrigo de Ônibus;Brás;Mooca;Leste;1;
Praças de Wi-Fi Livre;Abrigo de Ônibus 130;04308-000;-23,6334412;-46,64449042;Avenida Engenheiro Armando de Arruda Pereira, 506;Abrigo de Ônibus;Jabaquara;Parelheiros;Oeste;1;
Praças de Wi-Fi Livre;Abrigo de Ônibus 131;01449-000;-23,57237091;-46,6764221;Avenida Europa, 158;Abrigo de Ônibus;Jardim Europa;Vila Maria/Vila Guilherme;Norte;1;
Praças de Wi-Fi Livre;Abrigo de Ônibus 132;05410-030;-23,55302335;-46,67841019;Rua Galeno de Almeida, 245;Abrigo de Ônibus;Pinheiros;Butantã;Oeste;1;
Praças de Wi-Fi Livre;Abrigo de Ônibus 134;02033-010;-23,49454633;-46,61076559;Avenida General Ataliba Leonel, 2363;Abrigo de Ônibus;Carandiru;Freguesia do Ó/Brasilândia;Norte;1;
Praças de Wi-Fi Livre;Abrigo de Ônibus 135;04278-080;-23,601856;-46,61213906;Avenida Gentil de Moura, 277;Abrigo de Ônibus;Ipiranga;Vila Mariana;Sul;1;
Praças de Wi-Fi Livre;Abrigo de Ônibus 136;02734-000;-23,49791851;-46,69834536;Avenida Itaberaba, 345;Abrigo de Ônibus;Nossa Senhora do Ó;Campo Limpo;Sul;1;
Praças de Wi-Fi Livre;Abrigo de Ônibus 137;05601-001;-23,57812442;-46,70145049;Avenida Lineu de Paula Machado, 599;Abrigo de Ônibus;Jardim Everest;Pinheiros;Oeste;1;
Praças de Wi-Fi Livre;Abrigo de Ônibus 138;02959-000;-23,49237142;-46,70018325;Avenida MinistroPetrônioPortela,784, 784;Abrigo de Ônibus;Moinho Velho;Pinheiros;Oeste;1;
Praças de Wi-Fi Livre;Abrigo de Ônibus 139;05060-000;-23,5294921;-46,71152205;Rua PIO XI, 678;Abrigo de Ônibus;Alto da Lapa;Lapa;Oeste;1;
Praças de Wi-Fi Livre;Abrigo de Ônibus 14;08490-600;-23,54980358;-46,58911223;Rua Siqueira Bueno, 1350;Abrigo de Ônibus;Belém;Mooca;Leste;1;
Praças de Wi-Fi Livre;Abrigo de Ônibus 140;05442-000;-23,54232841;-46,69693939;Rua Pereira Leite, 55;Abrigo de Ônibus;Sumarezinho;Santo Amaro;Oeste;1;
Praças de Wi-Fi Livre;Abrigo de Ônibus 15;08473-533;-23,55297124;-46,60913269;Rua Dos Trilhos, 66;Abrigo de Ônibus;Moóca;Mooca;Leste;1;
Praças de Wi-Fi Livre;Abrigo de Ônibus 16;08421-105;-23,54732298;-46,60696505;Rua Ipanema, 548;Abrigo de Ônibus;Moóca;Mooca;Leste;1;
Praças de Wi-Fi Livre;Abrigo de Ônibus 17;08471-533;-23,56931441;-46,59214916;Rua Juventus, 337;Abrigo de Ônibus;Moóca;Mooca;Leste;1;
Praças de Wi-Fi Livre;Abrigo de Ônibus 18;08470-610;-23,5510627;-46,58892013;Rua Tobias Barreto, 812;Abrigo de Ônibus;Moóca;Mooca;Leste;1;
Praças de Wi-Fi Livre;Abrigo de Ônibus 19;08474-480;-23,55495714;-46,59167794;Rua Tobias Barreto, 296;Abrigo de Ônibus;Moóca;Mooca;Leste;1;
Praças de Wi-Fi Livre;Abrigo de Ônibus 20;08471-790;-23,52940323;-46,61464691;Avenida Carlos de Campos, 243;Abrigo de Ônibus;Parí;Mooca;Leste;1;
Praças de Wi-Fi Livre;Abrigo de Ônibus 21;08473-050;-23,54895771;-46,55501597;Rua Antônio de Barros, 2160;Abrigo de Ônibus;Tatuapé;Mooca;Leste;1;
Praças de Wi-Fi Livre;Abrigo de Ônibus 22;03817-220;-23,53595559;-46,57294431;Avenida Celso Garcia, 4076;Abrigo de Ônibus;Tatuapé;Mooca;Leste;1;
Praças de Wi-Fi Livre;Abrigo de Ônibus 23;03810-110;-23,54547598;-46,55818198;Avenida Francisco Marengo, 947;Abrigo de Ônibus;Tatuapé;Mooca;Leste;1;
Praças de Wi-Fi Livre;Abrigo de Ônibus 24;03828-060;-23,53841467;-46,56451162;Rua Melo Freire, 3560;Abrigo de Ônibus;Tatuapé;Mooca;Leste;1;
Praças de Wi-Fi Livre;Abrigo de Ônibus 26;03822-000;-23,5113622;-46,5430964;Avenida Cangaiba, 1114;Abrigo de Ônibus;Cangaiba;Penha;Leste;1;
Praças de Wi-Fi Livre;Abrigo de Ônibus 27;03670-010;-23,52281214;-46,53655205;Avenida Amador Bueno da Veiga, 860;Abrigo de Ônibus;Penha;Penha;Leste;1;
Praças de Wi-Fi Livre;Abrigo de Ônibus 28;03894-000;-23,525705;-46,52858085;Rua Maria Carlota, 466;Abrigo de Ônibus;Penha;Penha;Leste;1;
Praças de Wi-Fi Livre;Abrigo de Ônibus 30;03676-040;-23,53686125;-46,52635986;Avenida Marcondes de Brito, 1444;Abrigo de Ônibus;Vila Matilde;Penha;Leste;1;
Praças de Wi-Fi Livre;Abrigo de Ônibus 31;08410-130;-23,59728045;-46,56465078;Rua Costa Barros, 63;Abrigo de Ônibus;Vila Prudente;Vila Prudente;Leste;1;
Praças de Wi-Fi Livre;Abrigo de Ônibus 32;08460-365;-23,59669045;-46,56731202;Rua das Giestas, 1339;Abrigo de Ônibus;Vila Prudente;Vila Prudente;Leste;1;
Praças de Wi-Fi Livre;Abrigo de Ônibus 33;08465-050;-23,58925687;-46,57942503;Avenida Zelina, 471;Abrigo de Ônibus;Vila Prudente;Vila Prudente;Leste;1;
Praças de Wi-Fi Livre;Abrigo de Ônibus 34;08430-570;-23,48186427;-46,6750834;Avenida Inajar de Souza, 3160;Abrigo de Ônibus;Freguesia do Ó      ;Casa Verde/Cachoeirinha;Norte;1;
Praças de Wi-Fi Livre;Abrigo de Ônibus 35;08431-410;-23,48802412;-46,69292528;Avenida Itaberaba, 1652;Abrigo de Ônibus;Freguesia do Ó      ;Freguesia do Ó/Brasilândia;Norte;1;
Praças de Wi-Fi Livre;Abrigo de Ônibus 36;08441-110;-23,4950294;-46,70190471;Avenida Ministro Petrônio Portela, 471;Abrigo de Ônibus;Freguesia do Ó      ;Freguesia do Ó/Brasilândia;Norte;1;
Praças de Wi-Fi Livre;Abrigo de Ônibus 38;08142-360;-23,47476023;-46,64970877;Rua Conselheiro Moreira de Barros, 3992;Abrigo de Ônibus;Mandaquí;Santana/Tucuruvi;Norte;1;
Praças de Wi-Fi Livre;Abrigo de Ônibus 39;08451-100;-23,49260872;-46,63324004;Rua Conselheiro Moreira de Barros, 993;Abrigo de Ônibus;Santana;Santana/Tucuruvi;Norte;1;
Praças de Wi-Fi Livre;Abrigo de Ônibus 40;08450-460;-23,51407697;-46,62535423;Avenida Cruzeiro do Sul, 1877;Abrigo de Ônibus;Santana;Santana/Tucuruvi;Norte;1;
Praças de Wi-Fi Livre;Abrigo de Ônibus 41;08141-130;-23,50965029;-46,62471152;Avenida Cruzeiro do Sul, 2424;Abrigo de Ônibus;Santana;Santana/Tucuruvi;Norte;1;
Praças de Wi-Fi Livre;Abrigo de Ônibus 42;08122-100;-23,49290493;-46,64809009;Avenida Imirim, 1458;Abrigo de Ônibus;Santana;Santana/Tucuruvi;Norte;1;
Praças de Wi-Fi Livre;Abrigo de Ônibus 43;08110-460;-23,5032547;-46,62332719;Rua Leite de Morais, 314;Abrigo de Ônibus;Santana;Santana/Tucuruvi;Norte;1;
Praças de Wi-Fi Livre;Abrigo de Ônibus 44;08142-000;-23,48532705;-46,62930294;Rua Voluntarios Da Patria, 4071;Abrigo de Ônibus;Santana;Santana/Tucuruvi;Norte;1;
Praças de Wi-Fi Livre;Abrigo de Ônibus 45;08121-270;-23,52281301;-46,59291062;Avenida Guilherme Cotching, 658;Abrigo de Ônibus;Vila Maria;Vila Maria/Vila Guilherme;Norte;1;
Praças de Wi-Fi Livre;Abrigo de Ônibus 46;08140-270;-23,50587204;-46,57676424;Rua Osaka, 523;Abrigo de Ônibus;Vila Maria;Vila Maria/Vila Guilherme;Norte;1;
Praças de Wi-Fi Livre;Abrigo de Ônibus 47;08152-090;-23,56620685;-46,71114258;Avenida Afrânio Peixoto, 180;Abrigo de Ônibus;Butantã;Butantã;Oeste;1;
Praças de Wi-Fi Livre;Abrigo de Ônibus 48;08280-000;-23,5746457;-46,74648274;Avenida Otacilio Tomanik, 516;Abrigo de Ônibus;Rio Pequeno;Butantã;Oeste;1;
Praças de Wi-Fi Livre;Abrigo de Ônibus 49;03584-000;-23,52883447;-46,6763274;Avenida Antártica, 608;Abrigo de Ônibus;Água Branca;Lapa;Oeste;1;
Praças de Wi-Fi Livre;Abrigo de Ônibus 50;03585-100;-23,52063967;-46,67169697;Avenida Marques de São Vicente, 1139;Abrigo de Ônibus;Barra Funda;Lapa;Oeste;1;
Praças de Wi-Fi Livre;Abrigo de Ônibus 52;08210-090;-23,55733814;-46,74533448;Avenida Jaguaré, 247;Abrigo de Ônibus;Jaguaré;Lapa;Oeste;1;
Praças de Wi-Fi Livre;Abrigo de Ônibus 53;08225-000;-23,51348671;-46,70262382;Rua Ermano Marchetti, 1058;Abrigo de Ônibus;Lapa                ;Lapa;Oeste;1;
Praças de Wi-Fi Livre;Abrigo de Ônibus 54;08246-101;-23,52177019;-46,70067117;Rua Joaquim Machado, 27;Abrigo de Ônibus;Lapa                ;Lapa;Oeste;1;
Praças de Wi-Fi Livre;Abrigo de Ônibus 55;08290-330;-23,54793488;-46,67284042;Rua Alm. Pereira Guimarães, 408;Abrigo de Ônibus;Pacaembu;Lapa;Oeste;1;
Praças de Wi-Fi Livre;Abrigo de Ônibus 57;08223-510;-23,54103012;-46,67025471;Rua Cardoso de Almeida, 1205;Abrigo de Ônibus;Perdizes            ;Lapa;Oeste;1;
Praças de Wi-Fi Livre;Abrigo de Ônibus 58;08255-415;-23,54665679;-46,690136;Rua Heitor Penteado, 1230;Abrigo de Ônibus;Perdizes            ;Lapa;Oeste;1;
Praças de Wi-Fi Livre;Abrigo de Ônibus 59;08250-650;-23,54368707;-46,67265825;Rua Professor João Arruda, 57;Abrigo de Ônibus;Perdizes            ;Lapa;Oeste;1;
Praças de Wi-Fi Livre;Abrigo de Ônibus 60;08253-580;-23,53321926;-46,6753078;Rua Sumaré, 450;Abrigo de Ônibus;Perdizes            ;Lapa;Oeste;1;
Praças de Wi-Fi Livre;Abrigo de Ônibus 61;08265-380;-23,53117392;-46,68610126;Rua Desembargador do Vale, 539;Abrigo de Ônibus;Pompéia;Lapa;Oeste;1;
Praças de Wi-Fi Livre;Abrigo de Ônibus 62;08270-110;-23,52975596;-46,68494383;Avenida Pompéia, 586;Abrigo de Ônibus;Pompéia;Lapa;Oeste;1;
Praças de Wi-Fi Livre;Abrigo de Ônibus 63;03175-001;-23,53522641;-46,7328374;Rua Doutor Gastão Vidigal, 2251;Abrigo de Ônibus;Vila Leopoldina;Lapa;Oeste;1;
Praças de Wi-Fi Livre;Abrigo de Ônibus 64;03345-001;-23,52096274;-46,7296821;Rua Guaipa, 778;Abrigo de Ônibus;Vila Leopoldina;Lapa;Oeste;1;
Praças de Wi-Fi Livre;Abrigo de Ônibus 65;03015-000;-23,52834199;-46,73443502;Avenida Imperatriz Leopoldina, 550;Abrigo de Ônibus;Vila Leopoldina;Lapa;Oeste;1;
Praças de Wi-Fi Livre;Abrigo de Ônibus 66;03166-000;-23,53927976;-46,7282661;Avenida Queiróz Filho, 1560;Abrigo de Ônibus;Vila Leopoldina;Lapa;Oeste;1;
Praças de Wi-Fi Livre;Abrigo de Ônibus 67;03030-020;-23,55304834;-46,71889967;Avenida Arruda Botelho, 595;Abrigo de Ônibus;Alto de Pinheiros;Pinheiros;Oeste;1;
Praças de Wi-Fi Livre;Abrigo de Ônibus 68;03590-120;-23,53809872;-46,71978985;Avenida Padre Pereira de Andrade, 100;Abrigo de Ônibus;Alto de Pinheiros;Pinheiros;Oeste;1;
Praças de Wi-Fi Livre;Abrigo de Ônibus 69;03589-010;-23,54331228;-46,69824654;Rua Pereira Leite, 243;Abrigo de Ônibus;Alto de Pinheiros;Pinheiros;Oeste;1;
Praças de Wi-Fi Livre;Abrigo de Ônibus 70;03693-050;-23,55517354;-46,71006894;Avenida Professor Manuel José Chaves, 266;Abrigo de Ônibus;Alto de Pinheiros;Pinheiros;Oeste;1;
Praças de Wi-Fi Livre;Abrigo de Ônibus 71;03712-006;-23,54048001;-46,70358886;Rua Cerro Cora, 657;Abrigo de Ônibus;Lapa                ;Pinheiros;Oeste;1;
Praças de Wi-Fi Livre;Abrigo de Ônibus 73;03726-100;-23,54525968;-46,69276417;Rua Heitor Penteado, 1529;Abrigo de Ônibus;Perdizes            ;Pinheiros;Oeste;1;
Praças de Wi-Fi Livre;Abrigo de Ônibus 75;03614-000;-23,55770966;-46,69716325;Rua Dos Macunis, 394;Abrigo de Ônibus;Pinheiros;Pinheiros;Oeste;1;
Praças de Wi-Fi Livre;Abrigo de Ônibus 76;08344-090;-23,55873327;-46,69763476;Rua Pedroso de Morais, 1594;Abrigo de Ônibus;Pinheiros;Pinheiros;Oeste;1;
Praças de Wi-Fi Livre;Abrigo de Ônibus 77;08345-360;-23,58677886;-46,69919016;Avenida Engenheiro Oscar Americano, 26;Abrigo de Ônibus;Morumbi             ;Butantã;Sul;1;
Praças de Wi-Fi Livre;Abrigo de Ônibus 79;08381-001;-23,6139139;-46,7423318;Rua Doutor Luiz Migliano, 1110;Abrigo de Ônibus;Morumbi             ;Butantã;Sul;1;
Praças de Wi-Fi Livre;Abrigo de Ônibus 80;08381-800;-23,59303214;-46,62047319;Avenida Ricardo Jafet, 1901;Abrigo de Ônibus;Vila Mariana;Ipiranga;Sul;1;
Praças de Wi-Fi Livre;Abrigo de Ônibus 82;08395-320;-23,60209738;-46,61219058;Rua Doutor Gentil de Moura, 277;Abrigo de Ônibus;Ipiranga;Ipiranga;Sul;1;
Praças de Wi-Fi Livre;Abrigo de Ônibus 83;08390-000;-23,58314082;-46,60113951;Rua Dos Patriotas, 1122;Abrigo de Ônibus;Ipiranga  ;Ipiranga;Sul;1;
Praças de Wi-Fi Livre;Abrigo de Ônibus 84;08311-365;-23,60284338;-46,61367093;Rua Salvador Simões, 1037;Abrigo de Ônibus;Ipiranga  ;Ipiranga;Sul;1;
Praças de Wi-Fi Livre;Abrigo de Ônibus 85;08340-320;-23,64139794;-46,64135089;Avenida Engenheiro Armando de Arruda Pereira, 1581;Abrigo de Ônibus;Jabaquara           ;Jabaquara;Sul;1;
Praças de Wi-Fi Livre;Abrigo de Ônibus 86;08109-450;-23,63508313;-46,64110966;Avenida Engenheiro Armando de Arruda Pereira, 863;Abrigo de Ônibus;Jabaquara           ;Jabaquara;Sul;1;
Praças de Wi-Fi Livre;Abrigo de Ônibus 89;08080-160;-23,61155394;-46,69456651;Avenida Engenheiro Luis Carlos Berrini, 1681;Abrigo de Ônibus;Itaim Bibi;Pinheiros;Sul;1;
Praças de Wi-Fi Livre;Abrigo de Ônibus 90;08042-290;-23,59950211;-46,69062872;Avenida Engenheiro Luis Carlos Berrini, 357;Abrigo de Ônibus;Itaim Bibi;Pinheiros;Sul;1;
Praças de Wi-Fi Livre;Abrigo de Ônibus 91;08010-380;-23,60585334;-46,69275281;Rua Engenheiro Luis Carlos Berrini, 1001;Abrigo de Ônibus;Itaim Bibi          ;Pinheiros;Sul;1;
Praças de Wi-Fi Livre;Abrigo de Ônibus 93;08070-130;-23,58422129;-46,67887081;Rua Tabapuã, 841;Abrigo de Ônibus;Itaim Bibi          ;Pinheiros;Sul;1;
Praças de Wi-Fi Livre;Abrigo de Ônibus 94;08050-120;-23,57887341;-46,67683108;Avenida Nove de Julho, 5342;Abrigo de Ônibus;Itaim Bibi          ;Pinheiros;Sul;1;
Praças de Wi-Fi Livre;Abrigo de Ônibus 97;03977-180;-23,68202119;-46,68993178;Avenida Interlagos, 3860;Abrigo de Ônibus;Campo Grande;Santo Amaro;Sul;1;
Praças de Wi-Fi Livre;Abrigo de Ônibus 98;39774-409;-23,66419747;-46,69183053;Avenida Nossa Senhora do Sabará, 960;Abrigo de Ônibus;Campo Grande;Santo Amaro;Sul;1;
Praças de Wi-Fi Livre;Aldeia Tenonde-Porã;04895-070;-23,86809855;-46,65320716;Estrada João Lang, 1653;Praça;Barragem;Parelheiros;Sul;1;
Praças de Wi-Fi Livre;Biblioteca Adelpha Figueiredo;03028-003;-23,52651284;-46,61062407;Praça Ilo Ottani, 146;Biblioteca;Pari;Mooca;Leste;2;
Praças de Wi-Fi Livre;Biblioteca Affonso Taunay;03166-000;-23,55045278;-46,5996279;Rua Taquari, 549;Biblioteca;Mooca;Mooca;Leste;1;
Praças de Wi-Fi Livre;Biblioteca Afonso Schmidt;02801-000;-23,48131377;-46,70129136;Avenida  Elísio Teixeira Leite, 1470;Biblioteca;Vila Cruz das Almas;Freguesia do Ó/Brasilândia;Norte;2;
Praças de Wi-Fi Livre;Biblioteca Alceu Amoroso Lima;05413-021;-23,55827324;-46,68233866;Avenida  Henrique Schaumann, 777;Biblioteca;Pinheiros;Pinheiros;Oeste;1;
Praças de Wi-Fi Livre;Biblioteca Álvares de Azevedo;02126-000;-23,50387919;-46,59230512;Praça Joaquim José da Nova,  s/nº;Biblioteca;Vila Maria Alta;Vila Maria/Vila Guilherme;Norte;1;
Praças de Wi-Fi Livre;Biblioteca Álvaro Guerra;05419-001;-23,5580069;-46,70073535;Rua Pedroso de Moraes, 1919;Biblioteca;Pinheiros;Pinheiros;Oeste;1;
Praças de Wi-Fi Livre;Biblioteca Amadeu Amaral;04290-100;-23,61298999;-46,61737292;Rua José Clóvis Castro,  s/nº;Biblioteca;Jardim da Saúde;Ipiranga;Sul;1;
Praças de Wi-Fi Livre;Biblioteca Anne Frank;04533-040;-23,58689838;-46,68403065;Rua Cojuba, 45;Biblioteca;Itaim Bibi;Pinheiros;Oeste;1;
Praças de Wi-Fi Livre;Biblioteca Aureliano Leite;03238-030;-23,59497869;-46,54765601;Rua Otto Shubart, 196;Biblioteca;Parque São Lucas;Vila Prudente;Leste;2;
Praças de Wi-Fi Livre;Biblioteca Belmonte;04752-010;-23,65067454;-46,70839604;Rua Paulo Eiró, 525;Biblioteca;Santo Amaro;Santo Amaro;Sul;1;
Praças de Wi-Fi Livre;Biblioteca Brito Broca;05110-000;-23,48570215;-46,74029323;Avenida  Mutinga, 1425;Biblioteca;Jardim Santo Elias;Pirituba/Jaraguá;Norte;1;
Praças de Wi-Fi Livre;Biblioteca Camila Cerqueira César;05589-050;-23,57602085;-46,73808265;Rua Waldemar Sanches, 41;Biblioteca;Vila Gomes;Butantã;Oeste;1;
Praças de Wi-Fi Livre;Biblioteca Cassiano Ricardo;03063-000;-23,53613073;-46,57203207;Avenida  Celso Garcia, 4200;Biblioteca;Tatuapé;Mooca;Leste;1;
Praças de Wi-Fi Livre;Biblioteca Castro Alves;04256-190;-23,63123977;-46,59022782;Rua Abrahão Mussa,  s/nº;Biblioteca;Jardim Patente Novo;Ipiranga;Sul;1;
Praças de Wi-Fi Livre;Biblioteca Chácara do Castelo;04113-110;-23,58337752;-46,62338059;Rua Brás Lourenço, 333;Biblioteca;Vila Mariana;Vila Mariana;Sul;1;
Praças de Wi-Fi Livre;Biblioteca Clarice Lispector;05053-070;-23,53546314;-46,70117547;Rua Jaricunas, 458;Biblioteca;Siciliano;Lapa;Oeste;1;
Praças de Wi-Fi Livre;Biblioteca Cora Coralina;08412-000;-23,54461117;-46,40987745;Rua Otelo Augusto Ribeiro, 113;Biblioteca;Guaianazes;Guaianases;Leste;1;
Praças de Wi-Fi Livre;Biblioteca Érico Veríssimo;02815-060;-23,44475941;-46,71562726;Rua Diógenes Dourado, 101;Biblioteca;Conjunto Residencial Elísio Teixeira Leite;Pirituba/Jaraguá;Norte;1;
Praças de Wi-Fi Livre;Biblioteca Gilberto Freyre;03272-000;-23,60113352;-46,51676754;Rua José Joaquim, 290;Biblioteca;Parque Luis Mucciolo;Sapopemba;Leste;1;
Praças de Wi-Fi Livre;Biblioteca Hans Christian Andersen;03063-000;-23,53605254;-46,57261205;Avenida  Celso Garcia, 4142;Biblioteca;Tatuapé;Mooca;Leste;1;
Praças de Wi-Fi Livre;Biblioteca Helena Silveira;05788-270;-23,63302325;-46,77412025;Rua João Batista Reimão, 146;Biblioteca;Jardim Bom Refúgio;Campo Limpo;Sul;1;
Praças de Wi-Fi Livre;Biblioteca Infantojuvenil Monteiro Lobato;01223-011;-23,54504253;-46,64937616;Rua General Jardim, 485;Biblioteca;Vila Buarque;Sé;Centro;3;
Praças de Wi-Fi Livre;Biblioteca Jamil Almansur Haddad;08440-180;-23,53753236;-46,40989682;Rua Andes, 491;Biblioteca;Vila Minerva;Guaianases;Leste;1;
Praças de Wi-Fi Livre;Biblioteca José Mauro de Vasconcelos;02233-060;-23,47723936;-46,56460865;Praça Com. Eduardo de Oliveira, 100;Biblioteca;Parque Edu Chaves;Jaçanã/Tremembé;Norte;1;
Praças de Wi-Fi Livre;Biblioteca Jovina Rocha Álvares Pessoa;03590-120;-23,54651916;-46,48481709;Avenida  Padre Francisco de Toledo, 331;Biblioteca;Artur Alvim;Penha;Leste;2;
Praças de Wi-Fi Livre;Biblioteca Lenyra Fraccaroli;03444-090;-23,54691235;-46,53187421;Praça Haroldo Daltro, 451;Biblioteca;Vila Nova Manchester;Aricanduva/Vila Formosa;Leste;1;
Praças de Wi-Fi Livre;Biblioteca Malba Tahan;04784-150;-23,68944959;-46,70928716;Rua Brás Pires Meira, 100;Biblioteca;Jardim Susana;Capela do Socorro;Sul;2;
Praças de Wi-Fi Livre;Biblioteca Marcos Rey;05755-090;-23,61772785;-46,75727588;Avenida  Anacê, 92;Biblioteca;Jardim Umarizal;Campo Limpo;Sul;1;
Praças de Wi-Fi Livre;Biblioteca Mário de Andrade;01302-000;-23,54744345;-46,64208139;Rua da Consolação, 94;Biblioteca;República;Sé;Centro;27;
Praças de Wi-Fi Livre;Biblioteca Mário Schenberg;05049-000;-23,52662823;-46,70034907;Rua Catão, 611;Biblioteca;Vila Romana;Lapa;Oeste;2;
Praças de Wi-Fi Livre;Biblioteca Menotti Del Picchia;02557-060;-23,49697681;-46,67304364;Rua São Romualdo, 401;Biblioteca;Vila Barbosa;Casa Verde/Cachoeirinha;Norte;1;
Praças de Wi-Fi Livre;Biblioteca Milton Santos;03527-000;-23,56858411;-46,50418301;Avenida  Aricanduva, 5777;Biblioteca;Aricanduva;Itaquera;Leste;2;
Praças de Wi-Fi Livre;Biblioteca Narbal Fontes;02018-010;-23,49666216;-46,62743596;Rua Conselheiro Moreira de Barros, 170;Biblioteca;Santana;Santana/Tucuruvi;Norte;1;
Praças de Wi-Fi Livre;Biblioteca Nuto Sant’Anna;02044-080;-23,49841;-46,61941;Praça Tenório Aguiar, 32;Biblioteca;Jardim São Paulo;Santana/Tucuruvi;Norte;1;
Praças de Wi-Fi Livre;Biblioteca Padre José de Anchieta;05204-110;-23,40723181;-46,75491633;Rua Antônio Maia, 651;Biblioteca;Vila Perus;Perus;Norte;2;
Praças de Wi-Fi Livre;Biblioteca Paulo Sérgio Duarte Milliet;03334-020;-23,55279233;-46,57276046;Praça Ituzaingó,  s/nº;Biblioteca;Tatuapé;Mooca;Leste;1;
Praças de Wi-Fi Livre;Biblioteca Pedro Nava;02433-020;-23,48255035;-46,6324581;Rua Helena do Sacramento, 1000;Biblioteca;Vila Guaca;Santana/Tucuruvi;Norte;1;
Praças de Wi-Fi Livre;Biblioteca Prefeito Prestes Maia;04724-001;-23,64544584;-46,70863152;Avenida  João Dias, 822;Biblioteca;Santo Amaro;Santo Amaro;Sul;3;
Praças de Wi-Fi Livre;Biblioteca Prof. Arnaldo Magalhães Giácomo;03065-020;-23,53992988;-46,58055182;Rua Restinga, 136;Biblioteca;Tatuapé;Mooca;Leste;1;
Praças de Wi-Fi Livre;Biblioteca Raimundo de Menezes;08021-000;-23,49935757;-46,44057266;Avenida  Nordestina, 780;Biblioteca;Vila Americana;São Miguel Paulista;Leste;1;
Praças de Wi-Fi Livre;Biblioteca Raul Bopp;01534-001;-23,57281627;-46,62917476;Rua Muniz de Sousa, 1155;Biblioteca;Aclimação;Sé;Centro;1;
Praças de Wi-Fi Livre;Biblioteca Ricardo Ramos;03132-050;-23,58196047;-46,58313822;Praça do Centenário de Vila Prudente, 25;Biblioteca;Vila Prudente;Vila Prudente;Leste;1;
Praças de Wi-Fi Livre;Biblioteca Roberto Santos;04211-040;-23,58772323;-46,60239571;Rua Cisplatina, 505;Biblioteca;Ipirianga;Ipiranga;Sul;2;
Praças de Wi-Fi Livre;Biblioteca Rubens Borba de Moraes;03814-000;-23,48646834;-46,48051561;Rua Sampei Sato, 440;Biblioteca;Jardim Matarazzo;Ermelino Matarazzo;Leste;1;
Praças de Wi-Fi Livre;Biblioteca Sérgio Buarque de Holanda;08290-000;-23,53685979;-46,45432883;Rua Vitório Santim, 44;Biblioteca;Vila Carmosina;Itaquera;Leste;2;
Praças de Wi-Fi Livre;Biblioteca Sylvia Orthof;02304-002;-23,48152813;-46,60413261;Avenida  Tucuruvi, 808;Biblioteca;Tucuruvi;Santana/Tucuruvi;Norte;1;
Praças de Wi-Fi Livre;Biblioteca Thales Castanho de Andrade;02963-000;-23,48631208;-46,7009836;Rua Doutor Artur Fajardo, 447;Biblioteca;Chácara Nossa Senhora Aparecida;Freguesia do Ó/Brasilândia;Norte;1;
Praças de Wi-Fi Livre;Biblioteca Vicente de Carvalho;08253-280;-23,55011812;-46,4405288;Rua Guilherme Valência, 210;Biblioteca;Conjunto Habitacional José Bonifácio;Itaquera;Leste;1;
Praças de Wi-Fi Livre;Biblioteca Vicente Paulo Guimarães;08030-460;-23,50183602;-46,42072361;Rua Jaguar, 225;Biblioteca;Vila Curuçá Velha;Itaim Paulista;Leste;1;
Praças de Wi-Fi Livre;Biblioteca Vinicius de Moraes;08253-445;-23,55365889;-46,43589459;Rua Jardim Tamoio, 1119;Biblioteca;Conjunto Habitacional José Bonifácio;Itaquera;Leste;1;
Praças de Wi-Fi Livre;Biblioteca Viriato Corrêa;04021-050;-23,59332845;-46,63880828;Rua Sena Madureira, 298;Biblioteca;Vila Mariana;Vila Mariana;Sul;2;
Praças de Wi-Fi Livre;Calçadão Cultural do Grajaú;04822-300;-23,73559483;-46,69160606;Rua Prof. Oscár Barreto Filho, 313;Praça;Parque América;Capela do Socorro;Sul;1;
Praças de Wi-Fi Livre;Campo do Palmeirinha;05664-000 ;-23,61683;-46,72315;Rua Melchior Giola, 296;Praça;Paraisópolis ;Campo Limpo;Sul;1;
Praças de Wi-Fi Livre;CDC Campo Belo;04615-040;-23,62602055;-46,66362449;Rua Sapoti, 20;Clube da Comunidade;Campo Belo;Santo Amaro;Sul;1;
Praças de Wi-Fi Livre;Centro Cultural Municipal da Juventude Ruth Cardoso;02721-200;-23,47613694;-46,67037344;Avenida  Deputado Emílio Carlos, 3641;Centro cultural;Vila Nova Cachoeirinha;Casa Verde/Cachoeirinha;Norte;3;
Praças de Wi-Fi Livre;Centro Cultural Municipal da Penha;03634-020;-23,52578417;-46,54852477;Largo do Rosário, 20;Centro cultural;Penha de França;Penha;Leste;3;
Praças de Wi-Fi Livre;Centro Cultural Municipal da Vila Formosa;03377-000;-23,5716964;-46,54042604;Avenida Renata, 163;Centro cultural;Chácara Belenzinho;Aricanduva/Vila Formosa;Leste;2;
Praças de Wi-Fi Livre;Centro Cultural Municipal do Grajaú;04822-300;-23,73559744;-46,69160719;Rua Prof. Oscar Barreto Filho, 252;Centro cultural;Parque América;Capela do Socorro;Sul;1;
Praças de Wi-Fi Livre;Centro Cultural Municipal Olido;01035-000;-23,54335113;-46,63879809;Avenida São João, 473;Centro cultural;República;Sé;Centro;8;
Praças de Wi-Fi Livre;Centro Cultural Municipal Tendal da Lapa;05033-002;-23,52229999;-46,69635877;Rua Guaicurus, 1100;Centro cultural;Lapa;Lapa;Oeste;6;
Praças de Wi-Fi Livre;Centro Cultural São Paulo;01504-000;-23,57110581;-46,64012968;Rua Vergueiro, 1000;Centro cultural;Liberdade;Sé;Centro;13;
Praças de Wi-Fi Livre;Centro Cultural Vila Itororó;01322-010;-23,56239;-46,64111481;Rua Pedroso, 238;Centro cultural;Bela Vista;Sé;Centro;8;
Praças de Wi-Fi Livre;Centro de Formação Cultural Cidade Tiradentes;08474-335;-23,5802227;-46,389716;Rua Inácio Monteiro, 6900;Centro cultural;Jardim Pérola I;Cidade Tiradentes;Leste;3;
Praças de Wi-Fi Livre;Centro Esportivo Tietê;01101-000;-23,5206285;-46,63193159;Avenida Santos Dumont, 843;Clube Esportivo;Armênia;Sé;Centro;1;
Praças de Wi-Fi Livre;Centro Municipal de Culturas Negras do Jabaquara;04321-030;-23,65130387;-46,64489115;Rua Arsênio Tavolieri, 45;Centro cultural;Jardim Oriental;Jabaquara;Sul;2;
Praças de Wi-Fi Livre;CEU Água Azul;03372-010;-23,59403474;-46,40656178;Avenida Dos Metalúrgicos, 1262;Centro Educacional Unificado;Cidade Tiradentes;Cidade Tiradentes;Leste;2;
Praças de Wi-Fi Livre;CEU Alto Alegre;03351-100;-23,60913554;-46,42675445;Avenida Bento Guelfi, 1802;Centro Educacional Unificado;Jardim Alto Alegre;São Mateus;Leste;2;
Praças de Wi-Fi Livre;CEU Alvarenga;03157-030;-23,70463571;-46,64401179;Estrada Do Alvarenga, 3752;Centro Educacional Unificado;Balneário São Francisco;Cidade Ademar;Sul;2;
Praças de Wi-Fi Livre;CEU Aricanduva;03157-010;-23,56990456;-46,50350917;Avenida Aricanduva, altura 5825, S/N;Centro Educacional Unificado;Jardim São José;Itaquera;Leste;2;
Praças de Wi-Fi Livre;CEU Azul Da Cor Do Mar;03193-060;-23,52145554;-46,45703084;Avenida Ernesto Souza Cruz, 2171;Centro Educacional Unificado;Cidade Antônio Estevão De Carvalho;Itaquera;Leste;2;
Praças de Wi-Fi Livre;CEU Butantã;03350-010;-23,58282745;-46,75002382;Avenida Engenheiro Heitor Antônio Eiras Garcia, 1870;Centro Educacional Unificado;Jardim Esmeralda;Butantã;Oeste;2;
Praças de Wi-Fi Livre;CEU Caminho Do Mar;03351-050;-23,66800833;-46,63589204;Avenida Engenheiro Armando De Arruda Pereira, 5241;Centro Educacional Unificado;Vila do Encontro;Jabaquara;Sul;2;
Praças de Wi-Fi Livre;CEU Campo Limpo;03192-060;-23,6370852;-46,77967211;Avenida Carlos Lacerda, 678;Centro Educacional Unificado;Pirajussara;Campo Limpo;Sul;3;
Praças de Wi-Fi Livre;CEU Cantos Do Amanhecer;03350-040;-23,64924049;-46,78549383;Avenida Cantos Do Amanhecer,  S/N;Centro Educacional Unificado;Jardim Eledy;Campo Limpo;Sul;2;
Praças de Wi-Fi Livre;CEU Capão Redondo;03351-125;-23,67463326;-46,76959386;Rua Daniel Gran,  S/N;Centro Educacional Unificado;Jardim Modelo;Campo Limpo;Sul;2;
Praças de Wi-Fi Livre;CEU Casa Blanca;03160-040;-23,64774561;-46,74404835;Rua João Damasceno, 85;Centro Educacional Unificado;Vila Das Belezas;M'boi Mirim;Sul;2;
Praças de Wi-Fi Livre;CEU Cidade Dutra;03193-040;-23,71135631;-46,70518717;Avenida Interlagos, 7350;Centro Educacional Unificado;Interlagos;Capela do Socorro;Sul;1;
Praças de Wi-Fi Livre;CEU Feitiço Da Vila;03370-055;-23,68626373;-46,79384048;Rua Feitiço Da Vila, 399;Centro Educacional Unificado;Chácara Santa Maria;Campo Limpo;Sul;2;
Praças de Wi-Fi Livre;CEU Formosa;03344-040;-23,58053558;-46,52401466;Rua Sargento Claudiner Evaristo Dias, 10;Centro Educacional Unificado;Parque Santo Antônio;Aricanduva/Vila Formosa;Leste;2;
Praças de Wi-Fi Livre;CEU Guarapiranga;03175-070;-23,69748527;-46,76441051;Estrada Da Baronesa, 1120;Centro Educacional Unificado;Parque do Lago;M'boi Mirim;Sul;2;
Praças de Wi-Fi Livre;CEU Heliópolis Profa. Arlete Persoli;03344-000;-23,62253906;-46,59153019;Estrada Das Lágrimas, 2385;Centro Educacional Unificado;Vila Heliópolis;Ipiranga;Sul;3;
Praças de Wi-Fi Livre;CEU Inacio Monteiro;03372-010;-23,569689;-46,41129369;Rua Barão Barroso Do Amazonas,  S/N;Centro Educacional Unificado;Conjunto Habitacional Inácio Monteiro;Cidade Tiradentes;Leste;2;
Praças de Wi-Fi Livre;CEU Jaçanã;03186-040;-23,45717606;-46,58385874;Rua Francisca Espósito Tonetti, 105;Centro Educacional Unificado;Guapira;Jaçanã/Tremembé;Norte;2;
Praças de Wi-Fi Livre;CEU Jaguaré;05468-160;-23,55668069;-46,749806;Avenida General Mac Arthur, 50;Centro Educacional Unificado;Vila Lageado;Lapa;Oeste;2;
Praças de Wi-Fi Livre;CEU Jambeiro;05443-040;-23,53809907;-46,42342845;Avenida José Pinheiro Borges, 60;Centro Educacional Unificado;Vila Campanela;Guaianases;Leste;2;
Praças de Wi-Fi Livre;CEU Jardim Paulistano;05444-001;-23,46206263;-46,71173273;Rua Aparecida Do Taboado,  S/N;Centro Educacional Unificado;Jardim Paulistano (Zona Norte);Freguesia do Ó/Brasilândia;Norte;3;
Praças de Wi-Fi Livre;CEU Lajeado;05452-001;-23,54443328;-46,40050063;Rua Manuel Da Mota Coutinho, 293;Centro Educacional Unificado;Lajeado;Guaianases;Leste;2;
Praças de Wi-Fi Livre;CEU Meninos;05271-150;-23,62091471;-46,58291055;Rua Barbinos, 111;Centro Educacional Unificado;São João Clímaco;Ipiranga;Sul;2;
Praças de Wi-Fi Livre;CEU Navegantes;05267-174;-23,74386692;-46,66014878;Rua Maria Moassab Barbour,  S/N;Centro Educacional Unificado;Cantinho do Céu;Capela do Socorro;Sul;3;
Praças de Wi-Fi Livre;CEU Paraisópolis;05712-040;-23,62284435;-46,72757817;Rua Dr. José Augusto de Souza e Silva,  s/n;Centro Educacional Unificado;Jardim Parque Morumbi;Campo Limpo;Sul;3;
Praças de Wi-Fi Livre;CEU Parelheiros;05282-000;-23,82796114;-46,72682917;Rua José Pedro De Borba, 20;Centro Educacional Unificado;Jardim Novo Parelheiros;Parelheiros;Sul;2;
Praças de Wi-Fi Livre;CEU Parque Anhanguera;05272-174;-23,44006605;-46,78747843;Rua Pedro José de Lima, 1020;Centro Educacional Unificado;Jardim Santa Fé;Perus;Norte;2;
Praças de Wi-Fi Livre;CEU Parque Bristol;05275-010;-23,64359849;-46,60872452;Rua Professor Artur Primavesi,  S/N;Centro Educacional Unificado;Parque Bristol;Ipiranga;Sul;2;
Praças de Wi-Fi Livre;CEU Parque São Carlos;05269-010;-23,50976741;-46,47383124;Rua Clarear, 643;Centro Educacional Unificado;Jardim São Carlos ;São Miguel Paulista;Leste;2;
Praças de Wi-Fi Livre;CEU Parque Veredas;05267-174;-23,51324995;-46,38986809;Rua Daniel Muller, 347;Centro Educacional Unificado;Chácara Dona Olívia;Itaim Paulista;Leste;4;
Praças de Wi-Fi Livre;CEU Paz;05271-290;-23,44804793;-46,68884794;Rua Daniel Cerri, 1549;Centro Educacional Unificado;Jardim Paraná;Freguesia do Ó/Brasilândia;Norte;2;
Praças de Wi-Fi Livre;CEU Pêra Marmelo;05271-110;-23,43658947;-46,7503984;Rua Pêra-Marmelo, 226;Centro Educacional Unificado;Jardim Santa Lucrécia;Pirituba/Jaraguá;Norte;2;
Praças de Wi-Fi Livre;CEU Perus;05272-005;-23,40607011;-46,75165473;Rua Bernardo José De Lorena,  S/N;Centro Educacional Unificado;Vila Fanton;Perus;Norte;2;
Praças de Wi-Fi Livre;CEU Quinta Do Sol;05271-150;-23,49920172;-46,49621193;Avenida Luiz Imparato, 564;Centro Educacional Unificado;Parque Císper;Penha;Leste;2;
Praças de Wi-Fi Livre;CEU Rosa Da China;05272-005;-23,62199432;-46,50125332;Rua Clara Petrela, 113;Centro Educacional Unificado;Jardim São Roberto;Sapopemba;Leste;2;
Praças de Wi-Fi Livre;CEU São Mateus;05267-200;-23,60395397;-46,44918338;Rua Curumatim, 201;Centro Educacional Unificado;Parque Boa Esperança;São Mateus;Leste;1;
Praças de Wi-Fi Livre;CEU São Rafael;05269-060;-23,6203426;-46,45674378;Rua Cinira Polônio, 100;Centro Educacional Unificado;Conjunto Promorar Rio Claro;São Mateus;Leste;2;
Praças de Wi-Fi Livre;CEU Sapopemba;05273-140;-23,6095252;-46,49396586;Rua Manuel Quirino De Mattos,  S/N;Centro Educacional Unificado;Jardim Sapopemba;Sapopemba;Leste;2;
Praças de Wi-Fi Livre;CEU Tiquatira;05267-174;-23,51818479;-46,55396835;Avenida Condessa Elisabeth De Robiano,  S/N;Centro Educacional Unificado;Jardim America da Penha;Penha;Leste;2;
Praças de Wi-Fi Livre;CEU Três Lagos;05267-174;-23,4779864;-46,38122023;Estrada Do Barro Branco,  S/N;Centro Educacional Unificado;Jardim Eliana;Capela do Socorro;Sul;2;
Praças de Wi-Fi Livre;CEU Três Pontes;05269-060;-23,47812393;-46,3811558;Rua Capachós, 400;Centro Educacional Unificado;Jardim Célia;São Miguel Paulista;Leste;2;
Praças de Wi-Fi Livre;CEU Uirapuru;05271-230;-23,60034575;-46,78953771;Rua Nazir Miguel, 849;Centro Educacional Unificado;Jardim Paulo Vi;Butantã;Oeste;2;
Praças de Wi-Fi Livre;CEU Vila Atlântica;05274-001;-23,48115108;-46,76263252;Rua Coronel José Venâncio Dias, 840;Centro Educacional Unificado;Jaraguá;Pirituba/Jaraguá;Norte;2;
Praças de Wi-Fi Livre;CEU Vila Curuçá;05275-010;-23,49528398;-46,41235363;Avenida Marechal Tito, 3400;Centro Educacional Unificado;Jardim Dom Fernando;Itaim Paulista;Leste;2;
Praças de Wi-Fi Livre;CEU Vila Do Sol;05267-000;-23,73474583;-46,77966582;Avenida dos Funcionários Públicos, 369;Centro Educacional Unificado;Vila Do Sol;M'boi Mirim;Sul;2;
Praças de Wi-Fi Livre;CEU Vila Rubi;05271-120;-23,72768144;-46,69715205;Rua Domingos Tarroso, 101;Centro Educacional Unificado;Vila Rubi;Capela do Socorro;Sul;2;
Praças de Wi-Fi Livre;Fab Lab Centro Cultural Casa da Memória Itaquera;08220-535;-23,53583669;-46,45504659;Rua Antônio Carlos de Oliveira César, 97;Fab Lab;Jardim Cleide;Itaquera;Leste;1;
Praças de Wi-Fi Livre;Fab Lab Chácara do Jockey Club;05524-020;-23,59814505;-46,74451975;Rua Santa Crescência, 323;Fab Lab;Vila Sônia;Butantã;Oeste;1;
Praças de Wi-Fi Livre;Largo da Batata;02326-005;-23,58837882;-46,73809959;Avenida Brg. Faria Lima, 860;Praça;Pinheiros;Pinheiros;Oeste;4;
Praças de Wi-Fi Livre;Largo da Concórdia;03012-010;-23,54188733;-46,61663351;Largo da Concórdia, 80;Praça;Brás;Mooca;Leste;1;
Praças de Wi-Fi Livre;Largo da Matriz;02925-040;-23,50202997;-46,69933079;Largo da Matriz de Nossa Senhora do Ó, 177;Praça;Nossa Sra. do Ó;Freguesia do Ó/Brasilândia;Norte;1;
Praças de Wi-Fi Livre;Largo de Moema;04075-010;-23,60323457;-46,66114717;Praça Nossa Senhora Aparecida, 1;Praça;Moema;Vila Mariana;Sul;2;
Praças de Wi-Fi Livre;Largo do Arouche;01219-010;-23,54092738;-46,64502159;Largo do Arouche, 394;Praça;República;Sé;Centro;2;
Praças de Wi-Fi Livre;Largo do Cambuci;01524-000;-23,56300338;-46,62082013;Largo do Cambuci, 122;Praça;Cambuci;Sé;Centro;2;
Praças de Wi-Fi Livre;Largo do Japonês;02611-000;-23,47377568;-46,66734628;Largo do Japonês, 1;Praça;Vila Nova Cachoeirinha;Casa Verde/Cachoeirinha;Norte;1;
Praças de Wi-Fi Livre;Largo do Rosário;03634-020;-23,52642741;-46,55001521;Avenida Penha de França, 2;Praça;Penha de França;Penha;Leste;2;
Praças de Wi-Fi Livre;Largo Dona Ana Rosa;04106-090;-23,58048468;-46,63930189;Rua Vergueiro, 2100;Praça;Ana Rosa;Vila Mariana;Sul;1;
Praças de Wi-Fi Livre;Largo Nossa Senhora da Conceição;01528-060;-23,56455576;-46,6292813;Largo Nossa Sra. da Conceição, 59;Praça;Aclimação;Sé;Centro;1;
Praças de Wi-Fi Livre;Largo Santa Ângela;04171-010;-23,63359162;-46,61331899;Largo Santa Ângela, 1;Praça;Vila Brasilina;Ipiranga;Sul;1;
Praças de Wi-Fi Livre;Largo Santa Cecilia;01225-010;-23,53878767;-46,64931331;Largo Santa Cecília, 62;Praça;Vila Buarque;Sé;Centro;2;
Praças de Wi-Fi Livre;Largo São Francisco;01006-020;-23,5498413;-46,6368145;Largo São Francisco, 95;Praça;Sé;Sé;Centro;1;
Praças de Wi-Fi Livre;MASP;01310-200;-23,56142543;-46,65589028;Avenida Paulista, 1578;Ponto turístico;Bela Vista;Sé;Centro;2;
Praças de Wi-Fi Livre;Mercado Municipal;01103-200;-23,54181802;-46,62938922;Rua Cantareira, 306;Ponto turístico;Luz;Sé;Centro;7;
Praças de Wi-Fi Livre;Modelódromo do Ibirapuera;04005-030;-23,58261029;-46,65306812;Rua Curitiba, 290;Clube da Comunidade;Paraíso;Vila Mariana;Sul;3;
Praças de Wi-Fi Livre;Parque Alfredo Volpi;05673-050;-23,58799512;-46,70229511;Avenida Eng. Oscar Americano, 480;Parque;Cidade Jardim;Butantã;Oeste;4;
Praças de Wi-Fi Livre;Parque Chico Mendes;08032-010;-23,50681536;-46,42914518;Rua Cembira, 1201;Parque;Vila Curuçá Velha;Itaim Paulista;Leste;2;
Praças de Wi-Fi Livre;Parque da Aclimação;03455-075;-23,57467361;-46,62855664;Rua Muniz de Souza, 1119;Parque;Aclimação;Sé;Centro;13;
Praças de Wi-Fi Livre;Parque da Independência;04263-200;-23,5841533;-46,60983599;Rua dos Patriotas, 64;Parque;Ipiranga;Ipiranga;Sul;6;
Praças de Wi-Fi Livre;Parque da Luz;01122-000;-23,53313773;-46,63537822;Praça da Luz, 178;Parque;Luz;Sé;Centro;9;
Praças de Wi-Fi Livre;Parque do Chuvisco;04576-010;-23,63676951;-46,66235613;Rua Ipiranga, 792;Parque;Jardim Aeroporto;Santo Amaro;Sul;3;
Praças de Wi-Fi Livre;Parque do Nabuco;04385-010;-23,66281462;-46,66017084;Rua Frederico Albuquerque, 120;Parque;Jardim Itacolomi;Jabaquara;Sul;3;
Praças de Wi-Fi Livre;Parque Dom Pedro II;01022-030;-23,54605674;-46,62760928;Rua Jorge Azem, 21;Parque;Centro;Sé;Centro;3;
Praças de Wi-Fi Livre;Parque Ecológico da Vila Prudente;03227-190;-23,5848649;-46,56729838;Rua João Pedro Lecor, 190;Parque;Jardim Avelino;Vila Prudente;Leste;2;
Praças de Wi-Fi Livre;Parque Lina e Paulo Raia;04308-000;-23,63552;-46,64189;Rua Volkswagen, 3;Parque;Jabaquara;Jabaquara;Sul;3;
Praças de Wi-Fi Livre;Parque Linear Tiquatira;03601-000;-23,51480193;-46,53427302;Avenida Governador Carvalho Pinto, 1759;Parque;Vila São Geraldo;Penha;Leste;6;
Praças de Wi-Fi Livre;Parque Praia São Paulo;04772-120;-23,69717884;-46,71511693;Rua José Marquês do Nascimento, 450;Parque;Jardim Santa Helena;Capela do Socorro;Sul;2;
Praças de Wi-Fi Livre;Parque Raposo Tavares;05543-020;-23,5906831;-46,75731819;Rua Telmo Coelho Filho, 200;Parque;Jardim Olympia;Butantã;Oeste;3;
Praças de Wi-Fi Livre;Parque Raul Seixas;08253-580;-23,55271185;-46,4436696;Rua Murmúrios da Tarde, 190;Parque;Jardim Bonifácio;Itaquera;Leste;2;
Praças de Wi-Fi Livre;Parque Santa Amélia;08122-455;-23,49974331;-46,37518382;Rua Rio Contagem, 168;Parque;Parque Santa Amélia;Itaim Paulista;Leste;2;
Praças de Wi-Fi Livre;Parque Santo Dias;05868-860;-23,6639054;-46,77318649;Rua Arroio das Caneleiras, 650;Parque;Conjunto Habitacional Instituto Adventista;Campo Limpo;Sul;3;
Praças de Wi-Fi Livre;Parque Sete Campos;04474-150;-23,69501266;-46,64331758;Estrada do Retiro, 269;Parque;Balneário Mar Paulista;Cidade Ademar;Sul;6;
Praças de Wi-Fi Livre;Pateo do Collegio;01016-040;-23,5479931;-46,63261797;Largo Páteo do Colégio, 2;Ponto turístico;Sé;Sé;Centro;2;
Praças de Wi-Fi Livre;Polo Cultural do Jardim Ângela;04905-010;-23,68422038;-46,77041808;Praça Manoel Lopes, 100;Praça;Jardim Sônia;M'boi Mirim;Sul;1;
Praças de Wi-Fi Livre;Praça 14ª Parada;05164-060;-23,4751094;-46,75669836;Praça Vila Esperança, 23;Praça;Conj. Hab. Turistica;Pirituba/Jaraguá;Norte;1;
Praças de Wi-Fi Livre;Praça Acibe Balan Camasmie;04571-210;-23,60094873;-46,6882377;Rua Rio da Prata, 2;Praça;Cidade Monções;Pinheiros;Oeste;1;
Praças de Wi-Fi Livre;Praça Alexandre Francisco Rebouças;04462-000;-23,69545968;-46,66653089;Estrada do Alvarenga, 766;Praça;Jardim Pedreira;Cidade Ademar;Sul;1;
Praças de Wi-Fi Livre;Praça Antonio Donizete Riso;08380-180;-23,59918352;-46,4418951;Rua Cubas de Mendonça,  s/n;Praça;Jardim Iguatemi;São Mateus;Leste;1;
Praças de Wi-Fi Livre;Praça Arlindo Luz;02223-200;-23,48369364;-46,57731225;Praça Arlindo Cruz,  s/n;Praça;Jardim Brasil;Vila Maria/Vila Guilherme;Norte;1;
Praças de Wi-Fi Livre;Praça Arlindo Rossi;04568-030;-23,61285661;-46,69280416;Rua Araçaíba, 38;Praça;Itaim Bibi;Pinheiros;Oeste;1;
Praças de Wi-Fi Livre;Praça Augusto Domingues Alves Maia;08280-540;-23,64597931;-46,76176614;Praça Augusto Domingues Alves Maia, 148;Praça;Jardim Nossa Sra. do Carmo;Itaquera;Leste;1;
Praças de Wi-Fi Livre;Praça Bacharel Fernando Braga Pereira da Rocha;04366-001;-23,68085794;-46,63903363;Avenida Cupecê, 5400;Praça;Jardim Prudência;Jabaquara;Sul;1;
Praças de Wi-Fi Livre;Praça Benedicto Ramos Rodrigues;03805-080;-23,4931973;-46,48009742;Rua Profº Antonio de Castro Lopes, 1396;Praça;Jardim Belém;Ermelino Matarazzo;Leste;1;
Praças de Wi-Fi Livre;Praça Benedito Calixto;05406-040;-23,55877401;-46,68044684;Praça Benedito Calixto, 85;Praça;Pinheiros;Pinheiros;Oeste;2;
Praças de Wi-Fi Livre;Praça Brasil;08253-100;-23,54595724;-46,4358273;Rua Cecília Porto, 9;Praça;Conjunto Habitacional José Bonifácio;Itaquera;Leste;1;
Praças de Wi-Fi Livre;Praça Cecília Marques De Araújo;08440-130;-23,53449991;-46,41263534;Rua Gonçalves de Oliveira, 220;Praça;Vila Nancy;Guaianases;Leste;1;
Praças de Wi-Fi Livre;Praça Ciro Pontes;03162-030;-23,53449446;-46,41263534;Rua Bresser, 2800;Praça;Mooca;Mooca;Leste;2;
Praças de Wi-Fi Livre;Praça Cj. Hab. Itaim Paulista A;08142-189;-23,51346801;-46,3846682;Rua Linária,  s/n;Praça;Jardim Nélia       ;Itaim Paulista;Leste;1;
Praças de Wi-Fi Livre;Praça Conde Francisco Matarazzo;05001-100;-23,55226029;-46,59979951;Avenida Francisco Matarazzo, 1501;Praça;Água Branca;Lapa;Oeste;1;
Praças de Wi-Fi Livre;Praça Cornélia;05043-010;-23,52649125;-46,67718715;Rua Crasso, 289;Praça;Água Branca;Lapa;Oeste;1;
Praças de Wi-Fi Livre;Praça Craveiro Do Campo;08090-370;-23,5249743;-46,69033198;Avenida Kumaki Aoki, 1074;Praça;Jardim Helena;São Miguel Paulista;Leste;2;
Praças de Wi-Fi Livre;Praça da Bandeira;01315-001;-23,47849141;-46,4201327;Rua Santo Amaro, 84;Praça;Sé;Sé;Centro;4;
Praças de Wi-Fi Livre;Praça da Conquista;03512-000;-23,53656632;-46,52587557;Rua Dona Matilde, 479;Praça;Vila Matilde;Penha;Leste;1;
Praças de Wi-Fi Livre;Praça da Cultura;05271-120;-23,43292039;-46,79326785;Rua Ricardo Dalton, 663;Praça;Jardim Santa Fé;Perus;Norte;2;
Praças de Wi-Fi Livre;Praça da Estação Vila Mara;08081-000;-23,49285843;-46,42142118;Rua São Gonçalo do Rio das Pedras, 1200;Praça;Vila Mara;São Miguel Paulista;Leste;2;
Praças de Wi-Fi Livre;Praça da Liberdade;01503-010;-23,5553993;-46,63575465;Praça da Liberdade, 264;Praça;Liberdade;Sé;Centro;3;
Praças de Wi-Fi Livre;Praça da República;01046-925;-23,54327062;-46,64256764;Avenida Ipiranga, 200;Praça;República;Sé;Centro;3;
Praças de Wi-Fi Livre;Praça da Rua Coração de Maçã;08474-230;-23,5823731;-46,40268043;Rua Coração de Maçã, 254;Praça;Cidade Castro Alves;Cidade Tiradentes;Leste;1;
Praças de Wi-Fi Livre;Praça da Sé;01001-000;-23,55044783;-46,63425553;Praça da Sé, 117;Praça;Sé;Sé;Centro;2;
Praças de Wi-Fi Livre;Praça das Monções;02552-120;-23,52101546;-46,78975002;Rua Bahia Formosa, 80;Praça;Limão;Casa Verde/Cachoeirinha;Norte;2;
Praças de Wi-Fi Livre;Praça Dilva Gomes Martins;03590-080;-23,54618067;-46,48308295;Rua Padre Manuel Barreto, 95;Praça;Cohab Padre Manoel da Nóbrega;Penha;Leste;2;
Praças de Wi-Fi Livre;Praça Dirceu de Castro Fontoura;04182-080;-23,64050463;-46,59766096;Rua Amadeu Giusti, 191;Praça;Jardim Santa Cruz;Ipiranga;Sul;4;
Praças de Wi-Fi Livre;Praça Divino Pai Eterno;02814-190;-23,45405257;-46,70712991;Praça Divino Pai Eterno, s/n;Praça;Jardim Paulistano;Freguesia do Ó/Brasilândia;Norte;1;
Praças de Wi-Fi Livre;Praça do 65;08471-000;-23,59978601;-46,4019653;Avenida dos Metalúrgicos, 2100;Praça;Cidade Tiradentes;Cidade Tiradentes;Leste;1;
Praças de Wi-Fi Livre;Praça do Acuri;04463-120;-23,69243459;-46,66065016;Praça do Acuri, 1625;Praça;Balneário Mar Paulista;Cidade Ademar;Sul;1;
Praças de Wi-Fi Livre;Praça do Costinha;08320-165;-23,63230459;-46,473328;Praça dos Costinha,  s/n;Praça;Parque São Rafael;São Mateus;Leste;1;
Praças de Wi-Fi Livre;Praça do Feirão São Luís;05843-140;-23,65251;-46,73806;Praça do Feirão São Luís, 14;Praça;Jardim São Luís ;M'boi Mirim;Sul;1;
Praças de Wi-Fi Livre;Praça do Largo de Piraporinha;04905-000;-23,67218204;-46,74266873;Estrada M'Boi Mirim, 1000;Praça;Jardim das Flores;M'boi Mirim;Sul;1;
Praças de Wi-Fi Livre;Praça do Patriarca;01002-010;-23,54783481;-46,63645274;Praça do Patriarca,  s/n;Praça;Anhangabaú;Sé;Centro;2;
Praças de Wi-Fi Livre;Praça do Pôr Do Sol;05458-000;-23,55410638;-46,70287239;Avenida Diógenes Ribeiro de Lima, 110;Praça;Alto de Pinheiros;Pinheiros;Oeste;2;
Praças de Wi-Fi Livre;Praça Dom José Gaspar;01047-020;-23,54682599;-46,64217327;Rua Doutor Bráulio Gomes, 49;Praça;República;Sé;Centro;1;
Praças de Wi-Fi Livre;Praça Dom Orione;01327-020;-23,56021264;-46,64586501;Viaduto Armando Puglisi, 214;Praça;Bela Vista;Sé;Centro;3;
Praças de Wi-Fi Livre;Praça dos Omaguás;05420-003;-23,56213118;-46,69248631;Avenida Pedroso de Morais, 946;Praça;Pinheiros;Pinheiros;Oeste;1;
Praças de Wi-Fi Livre;Praça Doutor João Batista Vasques;02274-090;-23,46566181;-46,5840998;Praça João Batista Vasques, 102;Praça;Jaçanã;Jaçanã/Tremembé;Norte;2;
Praças de Wi-Fi Livre;Praça Elis Regina;05539-090;-23,57695264;-46,73084236;Rua Pereira do Lago, 100;Praça;Vila Butantã;Butantã;Oeste;3;
Praças de Wi-Fi Livre;Praça Eng. Noriwuki Yamamoto;05625-000;-23,60384485;-46,73200158;Rua Dr. SÍlvio Dante Bertacchi, 1288;Praça;Vila Sônia;Butantã;Oeste;2;
Praças de Wi-Fi Livre;Praça Escolar;04810-120;-23,70966759;-46,69865589;Rua Icanhema, 222;Praça;Cidade Dutra;Capela do Socorro;Sul;1;
Praças de Wi-Fi Livre;Praça Felisberto Fernandes da Silva;03949-013;-23,61186205;-46,47568088;Avenida Sapopemba, 31;Praça;Vila Reg. Feijo;São Mateus;Leste;2;
Praças de Wi-Fi Livre;Praça Floriano Peixoto;04751-030;-23,65133799;-46,70739927;Praça Floriano Peixoto, 92;Praça;Santo Amaro;Santo Amaro;Sul;1;
Praças de Wi-Fi Livre;Praça Fortunato da Silveira;08060-090;-23,5465985;-46,7492462;Rua Vilma, 222;Praça;Vila Jacuí;São Miguel Paulista;Leste;2;
Praças de Wi-Fi Livre;Praça Gen. Porto Carreiro;05331-040;-23,50828295;-46,75072464;Praça General Porto Carreiro,  s/n;Praça;Jaguaré;Lapa;Oeste;1;
Praças de Wi-Fi Livre;Praça General Guimarães;05114-110;-23,53023352;-46,60249457;Praça General Guimarães, s/n;Praça;Vila Jaraguá;Lapa;Oeste;2;
Praças de Wi-Fi Livre;Praça General Humberto De Souza Melo;03021-010;-23,50779295;-46,48994763;Praça General Humberto de Souza Mello, 944;Praça;Catumbi;Mooca;Leste;2;
Praças de Wi-Fi Livre;Praça Giovanni Fiani;03880-000;-23,50779338;-46,48994678;Praça Giovanni Fiani, 5;Praça;Vila Pte. Rasa;Ermelino Matarazzo;Leste;1;
Praças de Wi-Fi Livre;Praça Guanambi;08070-180;-23,40460532;-46,75319709;Praça Guanambi, s/n;Praça;Parque Cruzeiro do Sul;São Miguel Paulista;Leste;3;
Praças de Wi-Fi Livre;Praça Inácio Dias;05202-030;-23,40434749;-46,75297483;Praça Inácio Dias, 100;Praça;Perus;Perus;Norte;1;
Praças de Wi-Fi Livre;Praça IV Centenário;02961-020;-23,49218343;-46,69820318;Rua General José de Andrade, 15;Praça;Jardim Monjolo;Freguesia do Ó/Brasilândia;Norte;1;
Praças de Wi-Fi Livre;Praça Jaguamitanga;08030-290;-23,50180725;-46,42232662;Praça Jaguamitanga, 391;Praça;Vila Curuçá Velha;Itaim Paulista;Leste;2;
Praças de Wi-Fi Livre;Praça Jardim Monte Belo;05546-000;-23,58559756;-46,76945293;Rua Gen. Teixeira de Campos, 2;Praça;Jardim Claudia;Butantã;Oeste;1;
Praças de Wi-Fi Livre;Praça Jesus Teixeira Da Costa;08412-010;-23,54415381;-46,41043131;Rua Caranaíba, 49;Praça;Guaianases;Guaianases;Leste;2;
Praças de Wi-Fi Livre;Praça João Adão e Praça Jacó Reimberg Filho;04893-040;-23,88015299;-46,74148007;Praça Jacobe Reimberg Filho, 1;Praça;Emburá;Parelheiros;Sul;1;
Praças de Wi-Fi Livre;Praça João Beiçola;04812-020;-23,8801365;-46,74144398;Praça João Beiçola da Silva, 8;Praça;Cidade Dutra;Capela do Socorro;Sul;1;
Praças de Wi-Fi Livre;Praça João Boldo;02942-000;-23,48064393;-46,71856149;Rua Comendador Feiz Zarzur, 162;Praça;Jardim Cidade Pirituba;Pirituba/Jaraguá;Norte;2;
Praças de Wi-Fi Livre;Praça João Tadeu Priolli;05788-230;-23,63366365;-46,77609842;Rua Aroldo de Azevedo, 62;Praça;Jardim Bom Refúgio;Campo Limpo;Sul;2;
Praças de Wi-Fi Livre;Praça Júlio César De Campos;04892-000;-23,82819176;-46,73096301;Rua Pedro Klein Do Nascimento, 16;Praça;Parelheiros;Parelheiros;Sul;1;
Praças de Wi-Fi Livre;Praça Kantuta;03032-030;-23,5266626;-46,62142932;Rua Carnot, 841;Praça;Canindé;Mooca;Leste;1;
Praças de Wi-Fi Livre;Praça Largo Coração de Jesus;01215-020;-23,53299327;-46,64306525;Largo Coração de Jesus,  s/n;Praça;Campos Elíseos;Sé;Centro;1;
Praças de Wi-Fi Livre;Praça Lions Clube Itaim Paulista;08022-000;-23,49793417;-46,39696214;Avenida Marechal Tito, 2696;Praça;Itaim Paulista;Itaim Paulista;Leste;1;
Praças de Wi-Fi Livre;Praça Lourenço De Bellis;02141-000;-23,48940097;-46,57441934;Avenida João Simão de Castro, 162;Praça;Vila Sabrina;Vila Maria/Vila Guilherme;Norte;2;
Praças de Wi-Fi Livre;Praça Luisa Pêra Dos Santos;05778-150;-23,64035285;-46,74944614;Rua Doutor Abelardo da Cunha Lôbo, 353;Praça;Parque Arariba;Campo Limpo;Sul;2;
Praças de Wi-Fi Livre;Praça Madre Maria Josefina Villac;08090-000;-23,47924238;-46,42827093;Avenida Dr. José Artur Nova, 2080;Praça;Vila Piracicaba;São Miguel Paulista;Leste;1;
Praças de Wi-Fi Livre;Praça Marco Antônio Primon Maestre;02710-001;-23,50559893;-46,67299134;Avenida Prof. Celestino Bourroul, 912;Praça;Limão;Casa Verde/Cachoeirinha;Norte;1;
Praças de Wi-Fi Livre;Praça Maria Alcina;05833-110;-23,67145167;-46,75812368;Rua Emerico Lobo de Mesquita, 26;Praça;Jardim Boa Vista;M'boi Mirim;Sul;1;
Praças de Wi-Fi Livre;Praça Mariquinha Sciascia;02372-090;-23,45916522;-46,62378975;Praça Dona Mariquinha Sciascia,  s/n;Praça;Tremembé;Jaçanã/Tremembé;Norte;1;
Praças de Wi-Fi Livre;Praça Miguel Ramos de Moura;03937-015;-23,58661706;-46,49908723;Avenida Piranguçu,  s/n;Praça;Jardim Imperial;São Mateus;Leste;2;
Praças de Wi-Fi Livre;Praça Multi-Uso Cidade Tiradentes;08474-120;-23,58374433;-46,40816589;Rua Milagre dos Peixes, 357;Praça;Cidade Tiradentes;Cidade Tiradentes;Leste;3;
Praças de Wi-Fi Livre;Praça na Rua Conde Monterone;02982-190;-23,45525953;-46,71673604;Rua Conde Monterone, 66;Praça;Jardim Sydney;Lapa;Oeste;1;
Praças de Wi-Fi Livre;Praça na Rua Das Imbiraiaras;02878-080;-23,4505458;-46,68805467;Rua Ibiraiaras, 400;Praça;Jardim Vista Alegre;Freguesia do Ó/Brasilândia;Norte;1;
Praças de Wi-Fi Livre;Praça na Rua Deputado Salvador Julianelli;01156-080;-23,52776109;-46,66730264;Rua Deputado Salvador Julianelli, 2;Praça;Barra Funda;Lapa;Oeste;2;
Praças de Wi-Fi Livre;Praça na rua Gregório Ramalho;0821-0430;-23,53767;-46,4555;Rua Gregório Ramalho, 239;Praça;Itaquera;Itaquera;Leste;1;
Praças de Wi-Fi Livre;Praça na rua Massao Watanabe;02672-000;-23,462474;-46,66606469;Avenida Massao Watanabe, 510;Praça;Jardim Santa Cruz;Casa Verde/Cachoeirinha;Norte;2;
Praças de Wi-Fi Livre;Praça na Rua Oscar de Moura Lacerda;02541-070;-23,48724372;-46,65582653;Rua Oscar de Moura Lacerda, 159;Praça;Jardim Rossin;Casa Verde/Cachoeirinha;Norte;1;
Praças de Wi-Fi Livre;Praça Nair Zamperini Carbonaro;05117-002;-23,50971083;-46,74755307;Praça Nair Zamperini Carbonaro,  s/n;Praça;Vila Jaguara;Pirituba/Jaraguá;Norte;1;
Praças de Wi-Fi Livre;Praça Nicolau de Moraes Barros Filho;01135-030;-23,52606994;-46,65611219;Rua Cônego Vicente Miguel Marino,  s/n;Praça;Barra Funda;Sé;Centro;1;
Praças de Wi-Fi Livre;Praça Nossa Senhora Dos Prazeres;02239-000;-23,48931602;-46,60954561;Praça Nossa Senhora dos Prazeres,  s/n;Praça;Vila Dom Pedro II;Santana/Tucuruvi;Norte;2;
Praças de Wi-Fi Livre;Praça Novo Mundo;02185-000;-23,51732694;-46,56808232;Praça Novo Mundo, 163;Praça;Parque Novo Mundo;Vila Maria/Vila Guilherme;Norte;2;
Praças de Wi-Fi Livre;Praça Oscar Da Silva;02067-070;-23,50718276;-46,60100804;Praça Oscar da Silva, 78;Praça;Vila Guilherme;Vila Maria/Vila Guilherme;Norte;1;
Praças de Wi-Fi Livre;Praça Oslei Francisco Borges;08381-770;-23,61301191;-46,42376341;Rua Tauro, 58;Praça;Recanto Verde do Sol;São Mateus;Leste;1;
Praças de Wi-Fi Livre;Praça Osvaldo Luís Da Silveira;08310-670;-23,62271348;-46,46869398;Rua Ponte do Guaré, 88;Praça;Parque São Rafael;São Mateus;Leste;2;
Praças de Wi-Fi Livre;Praça Padre Aleixo;08011-010;-23,49164995;-46,44542199;Praça Padre Aleixo Monteiro Mafra, 0;Praça;São Miguel Paulista;São Miguel Paulista;Leste;1;
Praças de Wi-Fi Livre;Praça Padre Damião;03126-050;-23,58151394;-46,58541685;Praça Padre Damião, 100;Praça;Vila Prudente;Vila Prudente;Leste;1;
Praças de Wi-Fi Livre;Praça Padre Nelson José Nigrist;03901-030;-23,57672922;-46,52133168;Rua Dr. Álvares Teixeira, 76;Praça;Parque Santo Antonio;Aricanduva/Vila Formosa;Leste;1;
Praças de Wi-Fi Livre;Praça Parque Domingos Luís;02043-081;-23,49168152;-46,61694718;Parque Domingo Luís, 128;Praça;Jardim São Paulo;Santana/Tucuruvi;Norte;2;
Praças de Wi-Fi Livre;Praça Pedro Antônio de Moura;05853-390;-23,658943;-46,750827;Rua Quarteto do Imperador, 339;Praça;Jardim Duprat ;M'boi Mirim;Sul;1;
Praças de Wi-Fi Livre;Praça Professoras;08225-310;-23,53600296;-46,46776976;Avenida das Alamandas, 12;Praça;Cidade Antônio Estevão de Carvalho;Itaquera;Leste;1;
Praças de Wi-Fi Livre;Praça Ramos De Azevedo;01037-010;-23,54580876;-46,63796647;Praça Ramos de Azevedo, 0;Praça;República;Sé;Centro;3;
Praças de Wi-Fi Livre;Praça Roosevelt;01303-020;-23,54846322;-46,64662326;Praça Franklin Roosevelt, 82;Praça;Consolação;Sé;Centro;3;
Praças de Wi-Fi Livre;Praça Rosa Alves da Silva;07082-480;-23,57949833;-46,63279989;Rua José do Patrocínio, 284;Praça;Vila Mariana;Vila Mariana;Sul;1;
Praças de Wi-Fi Livre;Praça Rotary;01222-001;-23,54499266;-46,64967804;Rua Major Sertório, 561;Praça;Vila Buarque;Sé;Centro;1;
Praças de Wi-Fi Livre;Praça Sampaio Vidal;03356-001;-23,56771522;-46,54065875;Avenida Doutor Eduardo Cotching, 2294;Praça;Vila Formosa;Aricanduva/Vila Formosa;Leste;2;
Praças de Wi-Fi Livre;Praça Santa Rita De Cássia;04047-000;-23,6068379;-46,64071101;Avenida Senador Casemiro da Rocha, 510;Praça;Mirandópolis;Vila Mariana;Sul;1;
Praças de Wi-Fi Livre;Praça Santo Eduardo;02113-000;-23,51553436;-46,58706258;Praça Santo Eduardo,  s/n;Praça;Vila Maria Baixa;Vila Maria/Vila Guilherme;Norte;1;
Praças de Wi-Fi Livre;Praça São João Vicenzotto;03452-100;-23,56471476;-46,51287735;Avenida Rio das Pedras, 1078;Praça;Jardim Aricanduva;Aricanduva/Vila Formosa;Leste;1;
Praças de Wi-Fi Livre;Praça São Luís Do Curu;03350-080 ;-23,56921;-46,56671;Rua Capitão Lorena, 84;Praça;Vila Invernada ;Mooca;Leste;1;
Praças de Wi-Fi Livre;Praça Silva Teles;08140-010;-23,49752335;-46,4007385;Praça Silva Teles, 31;Praça;Jardim Miriam;Itaim Paulista;Leste;2;
Praças de Wi-Fi Livre;Praça Silvio Romero;03323-000;-23,5455888;-46,57372523;Praça Silvio Romero, 29;Praça;Quarta Parada;Mooca;Leste;2;
Praças de Wi-Fi Livre;Praça Sônia Aparecida de Lima;03244-140;-23,60128927;-46,53921639;Praça Sônia Aparecida de Lima,  s/n;Praça;Jardim Guairacá;Vila Prudente;Leste;1;
Praças de Wi-Fi Livre;Praça Torquato Plaza;03922-190;-23,59885303;-46,51616713;Praça Torquato Plaza, 0;Praça;Jardim Grimaldi;Sapopemba;Leste;2;
Praças de Wi-Fi Livre;Praça Tuney Arantes;04675-000;-23,66191247;-46,68629285;Praça Tuney Arantes, 0;Praça;Jardim Taquaral;Santo Amaro;Sul;2;
Praças de Wi-Fi Livre;Praça Venancio Ramos;08011-270;-23,49528631;-46,44800327;Rua Tiago Ferreira,  524m;Praça;Vila Pedroso;São Mateus;Leste;1;
Praças de Wi-Fi Livre;Praça Vereador Antônio Sampaio;02441-000;-23,47525423;-46,63898821;Avenida Ultramarino, 262;Praça;Lauzane Paulista;Santana/Tucuruvi;Norte;2;
Praças de Wi-Fi Livre;Praça Vicente Falcetta;03441-050;-23,54867674;-46,53696783;Praça Vicente Falcetta,  s/n;Praça;Vila Carrão;Aricanduva/Vila Formosa;Leste;1;
Praças de Wi-Fi Livre;Praça Vicente Gusmão;04809-070;-23,7179765;-46,69522132;Avenida Dr. Sebastião Medeiros, 12;Praça;Terceira Divisão de Interlagos;Capela do Socorro;Sul;2;
Praças de Wi-Fi Livre;Praça Victorio Finzetto;02674-090;-23,45998602;-46,67385773;Rua Victorio Finzetto, 64;Praça;Jardim Cecy;Freguesia do Ó/Brasilândia;Norte;1;
Praças de Wi-Fi Livre;Praça Vigário João G. De Lima;05208-260;-23,40986886;-46,75732542;Praça Vigário João Gonçalves de Lima,  s/n;Praça;Vila Perus;Perus;Norte;2;
Praças de Wi-Fi Livre;Praça Vila Joaniza;04428-000;-23,6743466;-46,66226604;Avenida Yervant Kissajikian, 1876;Praça;Americanópolis;Cidade Ademar;Sul;1;
Praças de Wi-Fi Livre;Praça Wilson Moreira Da Costa;05382-010;-23,57343143;-46,76120611;Rua Mílton Soares, 66;Praça;Jardim Sarah;Butantã;Oeste;1;
Praças de Wi-Fi Livre;Praça Zilda Natel;01251-000;-23,55143571;-46,67598726;Avenida Dr. Arnaldo, 1250;Praça;Sumaré;Lapa;Oeste;1;
Praças de Wi-Fi Livre;Subprefeitura da Capela do Socorro;04827-110;-23,72037433;-46,70171363;Rua Cassiano dos Santos, 499;Subprefeitura;Rio Bonito;Capela do Socorro;Sul;2;
Praças de Wi-Fi Livre;Subprefeitura da Casa Verde;02518-130;-23,51195075;-46,66652416;Avenida Ordem e Progresso, 1001;Subprefeitura;Jardim das Laranjeiras;Casa Verde/Cachoeirinha;Norte;1;
Praças de Wi-Fi Livre;Subprefeitura da Cidade Ademar;04657-000;-23,66661391;-46,67650839;Avenida Yervant Kissajikian, 416;Subprefeitura;Vila Constança;Cidade Ademar;Sul;1;
Praças de Wi-Fi Livre;Subprefeitura da Cidade Tiradentes;08490-800;-23,58315988;-46,41640474;Rua Juá Mirim,  s/n;Subprefeitura;Chácara Santa Etelvina;Cidade Tiradentes;Leste;1;
Praças de Wi-Fi Livre;Subprefeitura da Freguesia Brasilândia;02610-000;-23,47657922;-46,66513827;Avenida João Marcelino Branco, 95;Subprefeitura;Vila dos Andrades;Freguesia do Ó/Brasilândia;Norte;1;
Praças de Wi-Fi Livre;Subprefeitura da Lapa;05033-002;-23,52240615;-46,69576;Rua Guaicurus, 1000;Subprefeitura;Água Branca;Lapa;Oeste;1;
Praças de Wi-Fi Livre;Subprefeitura da Mooca;03166-000;-23,53333567;-46,53333361;Rua Taquari, 549;Subprefeitura;Mooca;Mooca;Leste;1;
Praças de Wi-Fi Livre;Subprefeitura da Penha;03621-000;-23,51869849;-46,52105049;Rua Candapuí, 492;Subprefeitura;Vila Marieta;Penha;Leste;1;
Praças de Wi-Fi Livre;Subprefeitura da Sé;01012-000;-23,54814386;-46,6347295;Rua Rua Álvares Penteado, 49;Subprefeitura;Centro;Sé;Centro;1;
Praças de Wi-Fi Livre;Subprefeitura da V. Maria / V. Guilherme;02127-020;-23,5013185;-46,59186735;Rua Rua Gen. Mendes, 111;Subprefeitura;Vila Maria Alta;Vila Maria/Vila Guilherme;Norte;1;
Praças de Wi-Fi Livre;Subprefeitura da V. Mariana;04026-090;-23,59837131;-46,64960125;Rua Rua José de Magalhães, 500;Subprefeitura;Vila Clementino;Vila Mariana;Sul;1;
Praças de Wi-Fi Livre;Subprefeitura de Aricanduva;03411-000;-23,55073506;-46,5480518;Rua Atucuri, 699;Subprefeitura;Vila Carrão;Aricanduva/Vila Formosa;Leste;1;
Praças de Wi-Fi Livre;Subprefeitura de Ermelino Matarazzo;03870-100;-23,50765466;-46,47960648;Avenida São Miguel, 5550;Subprefeitura;Jardim Cotinha;Ermelino Matarazzo;Leste;1;
Praças de Wi-Fi Livre;Subprefeitura de Guaianases;08410-030;-23,542983;-46,415244;Rua Hipolito de Camargo, 479;Subprefeitura;Vila Princesa Isabel;Guaianases;Leste;1;
Praças de Wi-Fi Livre;Subprefeitura de Itaquera;08210-590;-23,53171732;-46,44699972;Rua Augusto Carlos Bauman, 851;Subprefeitura;Pq do Carmo Cidade Líder José Bonifácio;Itaquera;Leste;1;
Praças de Wi-Fi Livre;Subprefeitura de Parelheiros;04883-025;-23,81550435;-46,73568767;Estrada Ecoturística de Parelheiros, 5252;Subprefeitura;Jd. dos Álamos;Parelheiros;Sul;1;
Praças de Wi-Fi Livre;Subprefeitura de Perus;05204-020;-23,40732217;-46,75312677;Rua Ylídio Figueiredo, 349;Subprefeitura;Vila Perus;Perus;Norte;1;
Praças de Wi-Fi Livre;Subprefeitura de Pinheiros;05425-070;-23,56329121;-46,70343841;Avenida das Nações Unidas, 7123;Subprefeitura;Pinheiros;Pinheiros;Oeste;1;
Praças de Wi-Fi Livre;Subprefeitura de Pirituba / Jaraguá;02936-110;-23,48607179;-46,71950433;Rua Luís Carneiro, 193;Subprefeitura;Vila Barreto;Pirituba/Jaraguá;Norte;1;
Praças de Wi-Fi Livre;Subprefeitura de Santana / Tucuruvi;02304-002;-23,48148165;-46,60429187;Avenida Tucuruvi, 808;Subprefeitura;Tucuruvi;Santana/Tucuruvi;Norte;4;
Praças de Wi-Fi Livre;Subprefeitura de Santo Amaro;04751-010;-23,65146734;-46,70701696;Praça Floriano Peixoto, 126;Subprefeitura;Santo Amaro;Santo Amaro;Sul;2;
Praças de Wi-Fi Livre;Subprefeitura de São Mateus;03950-000;-23,59965983;-46,46883067;Avenida Ragueb Chohfi, 1400;Subprefeitura;Jardim Três Marias;São Mateus;Leste;1;
Praças de Wi-Fi Livre;Subprefeitura de São Miguel;08060-150;-23,50053126;-46,45127759;Rua Dona Ana Flora Pinheiro de Sousa, 76;Subprefeitura;Vila Jacuí;São Miguel Paulista;Leste;1;
Praças de Wi-Fi Livre;Subprefeitura de Sapopemba;03372-080;-23,60048433;-46,5126998;Avenida Sapopemba, 9064;Subprefeitura;Jardim Adutora;Sapopemba;Leste;1;
Praças de Wi-Fi Livre;Subprefeitura de V. Prudente;03220-000;-23,58283254;-46,56127676;Avenida do Oratório, 172;Subprefeitura;Vila Prudente;Vila Prudente;Leste;1;
Praças de Wi-Fi Livre;Subprefeitura do Butantã;03178-200;-23,58847236;-46,73804911;Rua Dr. Ulpiano da Costa Manso, 201;Subprefeitura;Jardim Peri Peri;Butantã;Oeste;1;
Praças de Wi-Fi Livre;Subprefeitura do Campo Limpo;05763-470;-23,64784881;-46,75728544;Rua Nossa Sra. do Bom Conselho, 59;Subprefeitura;Chácara Nossa Senhora do Bom Conselho;Campo Limpo;Sul;1;
Praças de Wi-Fi Livre;Subprefeitura do Ipiranga;04204-000;-23,58755367;-46,60310456;Rua Lino Coutinho, 444;Subprefeitura;Ipiranga;Ipiranga;Sul;1;
Praças de Wi-Fi Livre;Subprefeitura do Itaim Paulista;08160-495;-23,49454514;-46,41710217;Avenida Marechal Tito, 3012;Subprefeitura;Itaim Paulista;Itaim Paulista;Leste;1;
Praças de Wi-Fi Livre;Subprefeitura do Jabaquara;04308-001;-23,6478881;-46,64037072;Avenida Eng. Armando de Arruda Pereira, 2314;Subprefeitura;Jabaquara;Jabaquara;Sul;2;
Praças de Wi-Fi Livre;Subprefeitura do Jaçanã / Tremebé;02259-000;-23,46822594;-46,58233674;Avenida Luís Stamatis, 300;Subprefeitura;Jaçanã;Jaçanã/Tremembé;Norte;1;
Praças de Wi-Fi Livre;Subprefeitura do M'boi Mirim;04902-015;-23,66751532;-46,7285239;Avenida Guarapiranga, 1695;Subprefeitura;Parque Alves de Lima;M'boi Mirim;Sul;1;
Praças de Wi-Fi Livre;Telecentro Unibes;01129-020;-23,51956324;-46,64591246;Rua Cristina Tomás, 160;Telecentro;Bom Retiro;Sé;Centro;2;
